{"train/loss": 0.6321, "train/learning_rate": 1.2681159420289857e-06, "train/epoch": 1.0, "train/global_step": 1106, "_timestamp": 1711888161.3462453, "_runtime": 9801.160653352737, "_step": 11, "train/train_runtime": 9809.8658, "train/train_samples_per_second": 3.608, "train/train_steps_per_second": 0.113, "train/total_flos": 3.57993440014762e+17, "train/train_loss": 0.7312576046472863, "_wandb": {"runtime": 9768}}