{"train/loss": 0.6096, "train/learning_rate": 1.8115942028985508e-06, "train/epoch": 1.0, "train/global_step": 1106, "_timestamp": 1711877654.7853396, "_runtime": 5142.39591050148, "_step": 11, "train/train_runtime": 5147.3779, "train/train_samples_per_second": 6.876, "train/train_steps_per_second": 0.215, "train/total_flos": 3.4972663151591424e+17, "train/train_loss": 0.7017397173490059, "_wandb": {"runtime": 5139}}