{"train/loss": 0.3627, "train/learning_rate": 4.502251125562781e-07, "train/epoch": 4.0, "train/global_step": 4000, "_timestamp": 1710303527.656452, "_runtime": 44304.62501883507, "_step": 40, "train/train_runtime": 44310.6396, "train/train_samples_per_second": 2.889, "train/train_steps_per_second": 0.09, "train/total_flos": 1.4080917909043937e+18, "train/train_loss": 0.5558965110778809, "_wandb": {"runtime": 44302}}