{"train/loss": 0.5801, "train/learning_rate": 1.8115942028985508e-06, "train/epoch": 1.0, "train/global_step": 1106, "_timestamp": 1711872245.5690033, "_runtime": 2981.8558802604675, "_step": 11, "train/train_runtime": 2986.8176, "train/train_samples_per_second": 11.849, "train/train_steps_per_second": 0.37, "train/total_flos": 3.455932218306724e+17, "train/train_loss": 0.6734336502513231, "_wandb": {"runtime": 2979}}